,Goals,Newcastle United,Southampton
0,0,0.24330030736920433,0.3750784199383018
1,1,0.34389495218726024,0.3678094583115905
2,2,0.24304066735192134,0.18034068401711703
3,3,0.11450932057628796,0.05894856984022045
4,4,0.040463550735286284,0.014451538924007532
5,5,0.011438712096916468,0.0028342940680417877
