,Goals,Brighton & Hove Albion,Cardiff City
0,0,0.26353108194814473,0.5783813424173843
1,1,0.35144082382107217,0.31667643179587396
2,2,0.23433792275086784,0.08669363541000748
3,3,0.10416976499226131,0.015822220340135477
4,4,0.03472978192505154,0.0021657529007853083
5,5,0.009263016021212997,0.0002371594138585893
