,Goals,Liverpool,Arsenal
0,0,0.029804268047875743,0.3958203528524777
1,1,0.10470548353943308,0.3668442546822002
2,2,0.18392060938412938,0.1699946784235916
3,3,0.21537738943405024,0.052516729417638054
4,4,0.1891607744562637,0.012168058263504996
5,5,0.13290828229246437,0.0022554586859603607
